video_id,title,channel,category,country,publish date,trending date,views,likes,comments
YT00001,New Technology Explained,TechWorld,Music,Germany,13/06/2026,14/06/2026,1175528,106986,16289
YT00002,Amazing New Video,TrendWave,Howto & Style,Japan,20/05/2026,21/05/2026,790972,26932,8385
YT00003,New Technology Explained,NewsToday,News,Brazil,07/01/2026,15/01/2026,3773238,282310,61802
YT00004,Best Moments Today,MusicBox,Technology,France,02/01/2026,04/01/2026,1811182,208817,13394
YT00005,Amazing Music Performance,GameZone,Gaming,France,24/01/2026,30/01/2026,2223961,219692,33058
YT00006,Top Highlights,SportsArena,Technology,USA,18/05/2026,19/05/2026,3038614,223364,43716
YT00007,New Technology Explained,DailyTube,News,Germany,12/01/2026,22/01/2026,852261,44158,8194
YT00008,Top Highlights,TechWorld,Education,France,04/04/2026,06/04/2026,603967,46508,2567
YT00009,Funny Moments,MusicBox,Comedy,Japan,04/03/2026,06/03/2026,1847265,157585,31429
YT00010,Top Highlights,NewsToday,Music,France,15/01/2026,18/01/2026,560230,18604,10596
YT00011,Best Moments Today,LearnWithUs,Comedy,Japan,22/03/2026,25/03/2026,2226975,56474,33749
YT00012,Complete Guide for Beginners,FunTime,Howto & Style,Japan,18/05/2026,22/05/2026,3041646,103797,60690
YT00013,Best Moments Today,DailyTube,Gaming,India,11/05/2026,18/05/2026,1347026,130834,12151
YT00014,Funny Moments,LearnWithUs,Technology,Australia,17/01/2026,23/01/2026,2114014,246956,36688
YT00015,Incredible Performance,MusicBox,Gaming,Brazil,03/01/2026,13/01/2026,940767,39780,3767
YT00016,Latest Trending Update,SportsArena,Film & Animation,UK,01/01/2026,05/01/2026,2508536,257334,26704
YT00017,Funny Moments,SportsArena,Education,UK,20/02/2026,22/02/2026,9797,743,100
YT00018,New Technology Explained,TrendWave,Sports,Canada,29/01/2026,03/02/2026,4764334,543917,12517
YT00019,Latest News Update,ViralHub,Film & Animation,UK,05/05/2026,06/05/2026,4617086,130035,50907
YT00020,Top Highlights,TechWorld,News,Brazil,05/06/2026,11/06/2026,3351989,400450,44741
YT00021,New Technology Explained,TechWorld,Comedy,USA,23/04/2026,01/05/2026,542088,25580,6601
YT00022,Amazing New Video,DailyTube,News,India,28/02/2026,09/03/2026,1925502,33530,3074
YT00023,Latest News Update,MusicBox,Film & Animation,Canada,26/03/2026,27/03/2026,1802148,124917,26570
YT00024,Complete Guide for Beginners,LearnWithUs,Comedy,Canada,27/05/2026,05/06/2026,1602274,32647,21663
YT00025,Latest Trending Update,TrendWave,Technology,South Korea,01/04/2026,07/04/2026,513455,27874,3823
YT00026,Latest News Update,SportsArena,News,Canada,28/01/2026,31/01/2026,1180934,66612,7430
YT00027,Amazing New Video,DailyTube,Comedy,Brazil,05/03/2026,06/03/2026,4539780,462889,88121
YT00028,New Technology Explained,LearnWithUs,Technology,South Korea,02/03/2026,04/03/2026,3369169,368144,13908
YT00029,Complete Guide for Beginners,MusicBox,Sports,South Korea,01/01/2026,07/01/2026,4667122,386464,47822
YT00030,Funny Moments,FunTime,News,India,18/02/2026,22/02/2026,516349,47647,1077
YT00031,Amazing New Video,ViralHub,Film & Animation,Brazil,30/05/2026,06/06/2026,4264974,80233,19323
YT00032,Amazing Music Performance,DailyTube,News,Japan,02/06/2026,03/06/2026,2070404,152549,3633
YT00033,Incredible Performance,SportsArena,Howto & Style,Australia,21/01/2026,27/01/2026,2192461,71185,32026
YT00034,Latest News Update,MusicBox,Technology,UK,03/03/2026,07/03/2026,2657286,298126,49901
YT00035,Latest Trending Update,DailyTube,Howto & Style,Australia,03/01/2026,10/01/2026,4515004,151013,27265
YT00036,Best Moments Today,MusicBox,News,France,31/03/2026,01/04/2026,3680758,374377,52882
YT00037,Top Highlights,SportsArena,Film & Animation,India,06/06/2026,16/06/2026,873946,99002,3103
YT00038,Top Highlights,MusicBox,Film & Animation,UK,30/01/2026,31/01/2026,1771889,157587,8626
YT00039,Amazing New Video,MusicBox,Film & Animation,South Korea,12/06/2026,16/06/2026,779255,62162,13058
YT00040,Best Moments Today,MusicBox,Education,UK,12/01/2026,12/01/2026,3711384,262338,33870
YT00041,Amazing New Video,SportsArena,Gaming,UK,03/01/2026,04/01/2026,3102208,229799,11831
YT00042,Incredible Performance,TrendWave,Sports,France,02/02/2026,02/02/2026,1767249,150264,24161
YT00043,New Technology Explained,ViralHub,Technology,Australia,01/04/2026,09/04/2026,1368163,160598,22444
YT00044,New Technology Explained,NewsToday,Entertainment,France,16/04/2026,16/04/2026,2243128,61712,32131
YT00045,Latest News Update,TechWorld,Comedy,Canada,08/04/2026,08/04/2026,2938147,128017,47338
YT00046,Incredible Performance,NewsToday,Music,Canada,28/02/2026,03/03/2026,2342091,246104,45368
YT00047,Incredible Performance,SportsArena,Film & Animation,Japan,13/03/2026,18/03/2026,236530,5366,4597
YT00048,Amazing Music Performance,DailyTube,Sports,India,15/02/2026,24/02/2026,3650385,175311,58194
YT00049,Amazing Music Performance,NewsToday,Film & Animation,USA,22/04/2026,01/05/2026,1599496,60811,23139
YT00050,Complete Guide for Beginners,GameZone,Film & Animation,Canada,01/01/2026,09/01/2026,591982,67708,10948
YT00051,Top Highlights,SportsArena,Gaming,Germany,09/06/2026,14/06/2026,3430848,157407,48879
YT00052,Best Moments Today,NewsToday,News,Japan,22/05/2026,24/05/2026,4779000,205996,54532
YT00053,Amazing Music Performance,NewsToday,Sports,Canada,01/01/2026,05/01/2026,2708222,165604,25460
YT00054,Top Highlights,DailyTube,Comedy,UK,24/02/2026,04/03/2026,4328924,359404,55262
YT00055,Best Moments Today,TechWorld,Sports,Canada,24/01/2026,27/01/2026,209895,3165,4133
YT00056,New Technology Explained,FunTime,Comedy,Japan,06/06/2026,07/06/2026,3226044,207697,18181
YT00057,Best Moments Today,TechWorld,Gaming,Japan,17/06/2026,17/06/2026,4349944,265783,50418
YT00058,Funny Moments,SportsArena,Entertainment,South Korea,01/02/2026,08/02/2026,2666688,305347,47832
YT00059,Best Moments Today,LearnWithUs,Technology,Brazil,06/06/2026,14/06/2026,3986857,237248,60934
YT00060,Top Highlights,TechWorld,Film & Animation,South Korea,13/06/2026,17/06/2026,3694918,68441,23754
YT00061,Best Moments Today,DailyTube,Education,Brazil,11/03/2026,16/03/2026,1270259,45016,18018
YT00062,Incredible Performance,NewsToday,Gaming,Japan,30/06/2026,03/07/2026,4556752,279108,9947
YT00063,Complete Guide for Beginners,FunTime,Howto & Style,India,18/04/2026,24/04/2026,4006196,42660,30781
YT00064,New Technology Explained,FunTime,Film & Animation,Brazil,10/04/2026,16/04/2026,4100565,139978,38056
YT00065,Latest News Update,ViralHub,Education,Japan,08/01/2026,14/01/2026,1075619,126793,11991
YT00066,Complete Guide for Beginners,DailyTube,Howto & Style,India,11/04/2026,20/04/2026,1143329,120453,5091
YT00067,Incredible Performance,LearnWithUs,Education,Canada,08/03/2026,14/03/2026,2836159,265848,23266
YT00068,Funny Moments,TrendWave,Gaming,South Korea,18/04/2026,22/04/2026,441925,53026,3380
YT00069,New Technology Explained,TechWorld,Music,India,16/06/2026,17/06/2026,175959,13785,973
YT00070,Latest News Update,TechWorld,Gaming,Australia,02/05/2026,12/05/2026,2154527,203298,9023
YT00071,Amazing Music Performance,DailyTube,Entertainment,Germany,05/06/2026,06/06/2026,220406,24724,2631
YT00072,New Technology Explained,FunTime,News,USA,07/04/2026,13/04/2026,859810,74537,5786
YT00073,Incredible Performance,TrendWave,Gaming,Australia,25/06/2026,04/07/2026,4473991,255561,35974
YT00074,Latest News Update,NewsToday,Education,India,10/05/2026,20/05/2026,890324,51360,7017
YT00075,Top Highlights,SportsArena,Technology,UK,28/04/2026,30/04/2026,4519521,430306,44438
YT00076,Top Highlights,DailyTube,Education,Canada,01/06/2026,05/06/2026,3786601,139441,37220
YT00077,Latest News Update,TrendWave,Technology,France,06/06/2026,16/06/2026,2731416,81948,13739
YT00078,Funny Moments,MusicBox,Sports,Australia,08/03/2026,13/03/2026,90153,6024,417
YT00079,Latest News Update,TechWorld,Comedy,Brazil,03/03/2026,09/03/2026,4122307,244449,5472
YT00080,Amazing Music Performance,MusicBox,Technology,Canada,17/03/2026,20/03/2026,3100567,192417,34377
YT00081,Top Highlights,LearnWithUs,Education,France,19/04/2026,27/04/2026,2577140,97040,8485
YT00082,New Technology Explained,ViralHub,Gaming,Brazil,19/02/2026,24/02/2026,1820165,166083,11382
YT00083,New Technology Explained,DailyTube,Howto & Style,Germany,31/05/2026,08/06/2026,2490095,87210,10979
YT00084,Amazing New Video,TrendWave,Entertainment,Germany,04/01/2026,12/01/2026,4646911,195797,88001
YT00085,Top Highlights,FunTime,Gaming,India,13/06/2026,20/06/2026,3942586,247036,29464
YT00086,Complete Guide for Beginners,DailyTube,Comedy,USA,14/01/2026,18/01/2026,4130069,74956,53523
YT00087,Latest Trending Update,MusicBox,Entertainment,Australia,14/01/2026,16/01/2026,2086976,48062,32399
YT00088,Complete Guide for Beginners,SportsArena,Howto & Style,Canada,05/06/2026,14/06/2026,3784189,416016,25163
YT00089,Amazing New Video,FunTime,Sports,Australia,31/05/2026,06/06/2026,837431,95663,4143
YT00090,Best Moments Today,TechWorld,Gaming,UK,24/02/2026,28/02/2026,4635446,84629,4871
YT00091,New Technology Explained,TrendWave,Comedy,Germany,26/04/2026,05/05/2026,2421798,212549,34769
YT00092,New Technology Explained,FunTime,News,Germany,27/04/2026,28/04/2026,3571324,80802,18825
YT00093,Best Moments Today,TrendWave,Entertainment,USA,08/02/2026,12/02/2026,2585434,195083,43074
YT00094,Complete Guide for Beginners,MusicBox,Gaming,South Korea,15/03/2026,22/03/2026,2288766,148888,23762
YT00095,Amazing Music Performance,GameZone,Music,Japan,21/01/2026,30/01/2026,2105238,27042,11262
YT00096,Amazing Music Performance,MusicBox,Howto & Style,India,22/06/2026,01/07/2026,342487,32173,1482
YT00097,Amazing Music Performance,ViralHub,Comedy,Germany,13/05/2026,23/05/2026,3661468,292281,37869
YT00098,Incredible Performance,GameZone,Education,Japan,24/01/2026,31/01/2026,882447,92083,6412
YT00099,Amazing New Video,SportsArena,Sports,Japan,27/06/2026,04/07/2026,3820356,75209,22141
YT00100,Latest News Update,SportsArena,Film & Animation,India,30/01/2026,05/02/2026,3471571,55414,37667
YT00101,Top Highlights,TechWorld,Comedy,India,09/06/2026,16/06/2026,4612188,112590,29852
YT00102,New Technology Explained,FunTime,Gaming,India,28/06/2026,05/07/2026,1333572,58920,1680
YT00103,Latest Trending Update,LearnWithUs,News,USA,15/04/2026,16/04/2026,1296603,84047,18950
YT00104,New Technology Explained,LearnWithUs,Technology,South Korea,11/05/2026,15/05/2026,3836802,271028,31799
YT00105,Complete Guide for Beginners,MusicBox,Entertainment,USA,03/06/2026,11/06/2026,2856080,322072,30408
YT00106,Latest News Update,FunTime,Sports,Australia,01/01/2026,05/01/2026,1251508,73989,12768
YT00107,Incredible Performance,LearnWithUs,Film & Animation,Japan,27/03/2026,04/04/2026,1587530,187146,8790
YT00108,Latest News Update,GameZone,Technology,India,09/04/2026,12/04/2026,3202998,168057,43593
YT00109,Funny Moments,ViralHub,Comedy,India,16/06/2026,18/06/2026,4955792,230540,14406
YT00110,Best Moments Today,TrendWave,Film & Animation,South Korea,23/04/2026,24/04/2026,3444149,364400,66916
YT00111,Complete Guide for Beginners,FunTime,Sports,France,20/01/2026,27/01/2026,678733,70380,11670
YT00112,Amazing New Video,SportsArena,Education,South Korea,17/05/2026,23/05/2026,578954,20740,8107
YT00113,Latest Trending Update,DailyTube,Gaming,Japan,15/03/2026,18/03/2026,3726845,105470,24932
YT00114,Incredible Performance,MusicBox,Education,India,08/01/2026,08/01/2026,3149394,180698,17761
YT00115,Latest Trending Update,ViralHub,Entertainment,UK,16/04/2026,25/04/2026,3214014,251233,17920
YT00116,Latest News Update,MusicBox,News,South Korea,30/05/2026,01/06/2026,2146835,178944,38813
YT00117,Latest News Update,DailyTube,Film & Animation,UK,30/04/2026,04/05/2026,2903814,344513,19408
YT00118,Complete Guide for Beginners,TechWorld,Comedy,Germany,19/04/2026,23/04/2026,4058443,88197,33465
YT00119,Complete Guide for Beginners,TrendWave,Sports,Germany,02/04/2026,11/04/2026,2307508,25130,40234
YT00120,Amazing Music Performance,TechWorld,Comedy,Germany,13/01/2026,22/01/2026,2960482,100924,13655
YT00121,Top Highlights,TrendWave,Entertainment,USA,06/03/2026,16/03/2026,3702892,50618,29372
YT00122,Best Moments Today,NewsToday,Sports,France,03/02/2026,04/02/2026,1689388,41453,19003
YT00123,Top Highlights,ViralHub,Film & Animation,Germany,04/04/2026,12/04/2026,4047032,471124,26741
YT00124,New Technology Explained,ViralHub,Comedy,USA,28/03/2026,29/03/2026,3338729,388626,54378
YT00125,Funny Moments,MusicBox,Technology,India,04/04/2026,05/04/2026,1041737,62531,14359
YT00126,Latest Trending Update,GameZone,Howto & Style,Japan,22/06/2026,26/06/2026,1966440,121648,25114
YT00127,Latest News Update,DailyTube,Howto & Style,Canada,24/05/2026,29/05/2026,2539954,206793,8170
YT00128,Latest Trending Update,DailyTube,Sports,South Korea,12/01/2026,12/01/2026,1974645,212468,7064
YT00129,Best Moments Today,FunTime,Film & Animation,Japan,27/04/2026,02/05/2026,3485303,285939,58693
YT00130,New Technology Explained,GameZone,Sports,India,07/06/2026,13/06/2026,3724366,219426,20432
YT00131,Amazing New Video,GameZone,Education,Brazil,03/04/2026,04/04/2026,3344837,134953,64876
YT00132,Amazing New Video,TrendWave,News,Australia,27/04/2026,28/04/2026,2802677,103117,9508
YT00133,Amazing Music Performance,TechWorld,Gaming,Brazil,25/05/2026,28/05/2026,1816531,180628,9858
YT00134,Best Moments Today,ViralHub,Music,Germany,07/02/2026,16/02/2026,4536655,170451,19577
YT00135,New Technology Explained,GameZone,Entertainment,India,19/06/2026,19/06/2026,4944656,225549,21314
YT00136,Latest Trending Update,DailyTube,Technology,Brazil,14/01/2026,16/01/2026,4000040,237243,31515
YT00137,Amazing Music Performance,TechWorld,Comedy,Brazil,01/06/2026,02/06/2026,368772,33188,6736
YT00138,Amazing New Video,TrendWave,Sports,South Korea,18/06/2026,26/06/2026,4022991,415184,36605
YT00139,Incredible Performance,DailyTube,Comedy,USA,28/01/2026,04/02/2026,1249314,21519,7777
YT00140,Amazing Music Performance,NewsToday,Film & Animation,France,12/06/2026,21/06/2026,4455633,189091,47254
YT00141,Complete Guide for Beginners,TechWorld,Gaming,Brazil,21/04/2026,22/04/2026,3792917,408459,33614
YT00142,Complete Guide for Beginners,GameZone,Technology,USA,27/04/2026,03/05/2026,2626637,218436,21306
YT00143,Latest Trending Update,DailyTube,Comedy,USA,09/02/2026,19/02/2026,787070,45261,11921
YT00144,Funny Moments,FunTime,Film & Animation,India,06/04/2026,08/04/2026,4716741,218201,15670
YT00145,Amazing Music Performance,MusicBox,Technology,India,01/04/2026,11/04/2026,2626011,127837,31460
YT00146,Incredible Performance,DailyTube,Comedy,Canada,24/02/2026,26/02/2026,4671293,235581,72356
YT00147,Amazing Music Performance,FunTime,Technology,Brazil,27/05/2026,30/05/2026,4675271,60254,87205
YT00148,Top Highlights,MusicBox,Music,UK,27/06/2026,01/07/2026,2855655,138820,12698
YT00149,Amazing New Video,ViralHub,Technology,USA,06/02/2026,15/02/2026,774719,71330,3941
YT00150,Top Highlights,GameZone,Education,UK,18/04/2026,25/04/2026,2726120,260213,32125
YT00151,Amazing New Video,FunTime,Entertainment,UK,22/01/2026,22/01/2026,689355,27526,9359
YT00152,New Technology Explained,MusicBox,Comedy,Japan,05/05/2026,14/05/2026,4302872,96900,39450
YT00153,Top Highlights,SportsArena,Howto & Style,South Korea,14/03/2026,24/03/2026,385988,13222,7605
YT00154,Best Moments Today,TechWorld,News,Germany,15/01/2026,15/01/2026,2148452,89889,7046
YT00155,Funny Moments,NewsToday,Entertainment,UK,08/05/2026,14/05/2026,1935308,125850,32578
YT00156,Amazing New Video,NewsToday,Technology,India,01/04/2026,02/04/2026,3861698,429914,67116
YT00157,Top Highlights,NewsToday,Howto & Style,Japan,28/05/2026,03/06/2026,971144,52979,18799
YT00158,Complete Guide for Beginners,DailyTube,Comedy,France,13/02/2026,22/02/2026,893044,32832,10884
YT00159,New Technology Explained,GameZone,Technology,Germany,15/05/2026,16/05/2026,2798982,267870,6860
YT00160,Incredible Performance,TechWorld,Film & Animation,Brazil,12/06/2026,13/06/2026,2950238,265555,48856
YT00161,New Technology Explained,MusicBox,Gaming,UK,07/02/2026,10/02/2026,1460415,111376,22554
YT00162,Amazing Music Performance,LearnWithUs,Entertainment,South Korea,17/06/2026,18/06/2026,4865930,288936,90306
YT00163,Best Moments Today,GameZone,Howto & Style,France,25/05/2026,04/06/2026,3693997,64687,34730
YT00164,Funny Moments,GameZone,Howto & Style,India,19/03/2026,23/03/2026,627356,27694,6014
YT00165,Amazing Music Performance,DailyTube,Sports,USA,15/01/2026,20/01/2026,4988502,328130,48845
YT00166,Incredible Performance,TechWorld,Comedy,Australia,22/05/2026,22/05/2026,3994865,260267,76688
YT00167,Best Moments Today,SportsArena,Education,USA,26/04/2026,27/04/2026,333347,12417,3105
YT00168,Incredible Performance,ViralHub,Film & Animation,Australia,23/04/2026,01/05/2026,3132709,347646,26192
YT00169,Latest Trending Update,GameZone,Howto & Style,India,28/03/2026,07/04/2026,2770646,56509,38482
YT00170,Latest Trending Update,GameZone,Howto & Style,UK,14/03/2026,18/03/2026,4893373,406136,90127
YT00171,Latest Trending Update,FunTime,Technology,UK,21/03/2026,31/03/2026,2601961,185991,34414
YT00172,Funny Moments,NewsToday,Film & Animation,USA,26/03/2026,28/03/2026,3040234,36499,20881
YT00173,Best Moments Today,TechWorld,Comedy,Canada,24/02/2026,01/03/2026,1304774,24122,22238
YT00174,Incredible Performance,TrendWave,Film & Animation,Brazil,26/01/2026,03/02/2026,1104319,83593,4340
YT00175,Complete Guide for Beginners,TrendWave,Entertainment,South Korea,16/02/2026,25/02/2026,3060964,258345,16875
YT00176,Funny Moments,TechWorld,Sports,South Korea,24/04/2026,03/05/2026,2011290,88580,32912
YT00177,Latest News Update,LearnWithUs,Education,Australia,01/05/2026,04/05/2026,2368672,226429,25001
YT00178,Top Highlights,ViralHub,News,Australia,18/04/2026,20/04/2026,442715,35651,7795
YT00179,Latest Trending Update,MusicBox,Film & Animation,USA,22/05/2026,23/05/2026,1349797,54001,24567
YT00180,Incredible Performance,LearnWithUs,Gaming,Canada,07/02/2026,13/02/2026,228725,12725,1951
YT00181,New Technology Explained,GameZone,Technology,USA,06/04/2026,09/04/2026,241454,10878,696
YT00182,Top Highlights,TrendWave,Entertainment,UK,16/06/2026,21/06/2026,3968239,343522,14432
YT00183,Latest Trending Update,TrendWave,Comedy,Australia,30/06/2026,07/07/2026,164416,6272,2772
YT00184,Top Highlights,DailyTube,Film & Animation,Japan,21/05/2026,30/05/2026,1998470,86187,3811
YT00185,Latest Trending Update,DailyTube,Howto & Style,South Korea,18/04/2026,28/04/2026,4197871,317532,5508
YT00186,Complete Guide for Beginners,MusicBox,News,UK,12/05/2026,21/05/2026,18122,1406,100
YT00187,Latest Trending Update,GameZone,Gaming,Brazil,17/04/2026,19/04/2026,4417906,308586,70429
YT00188,Amazing New Video,LearnWithUs,Music,Japan,10/05/2026,18/05/2026,3250395,383268,18915
YT00189,Latest Trending Update,TechWorld,Gaming,France,05/01/2026,10/01/2026,4886358,444026,35757
YT00190,Latest News Update,ViralHub,Film & Animation,France,12/01/2026,17/01/2026,4019210,319490,65989
YT00191,Amazing New Video,TechWorld,Music,Germany,17/01/2026,24/01/2026,1678274,180308,11741
YT00192,Top Highlights,LearnWithUs,Technology,Brazil,21/03/2026,29/03/2026,312197,28991,1445
YT00193,Incredible Performance,DailyTube,Education,Germany,02/04/2026,02/04/2026,3670413,395830,55507
YT00194,Incredible Performance,LearnWithUs,Entertainment,South Korea,09/04/2026,14/04/2026,4361001,171558,11206
YT00195,Funny Moments,ViralHub,Technology,Australia,19/04/2026,20/04/2026,2469291,111941,6225
YT00196,Complete Guide for Beginners,FunTime,Sports,South Korea,19/06/2026,23/06/2026,1402917,120474,10773
YT00197,Amazing New Video,MusicBox,Howto & Style,Japan,11/01/2026,16/01/2026,634490,53189,5531
YT00198,Amazing Music Performance,ViralHub,Entertainment,India,12/05/2026,22/05/2026,3680660,50895,8382
YT00199,Amazing New Video,FunTime,Education,Japan,15/06/2026,20/06/2026,1292132,109439,24586
YT00200,Funny Moments,ViralHub,Gaming,Australia,06/04/2026,13/04/2026,3083199,165825,41134
YT00201,Funny Moments,LearnWithUs,Music,UK,05/03/2026,06/03/2026,3251285,359233,10525
YT00202,Latest News Update,MusicBox,News,Australia,08/03/2026,15/03/2026,1684217,39562,28974
YT00203,Incredible Performance,GameZone,Comedy,USA,26/04/2026,28/04/2026,549748,38757,3582
YT00204,New Technology Explained,SportsArena,Entertainment,France,18/03/2026,20/03/2026,1023062,121094,16419
YT00205,Amazing Music Performance,SportsArena,Music,France,02/03/2026,09/03/2026,3099651,190363,60992
YT00206,Complete Guide for Beginners,MusicBox,Gaming,USA,03/02/2026,12/02/2026,4020333,272685,62773
YT00207,Latest News Update,DailyTube,Entertainment,France,28/05/2026,29/05/2026,3912692,331843,29524
YT00208,Complete Guide for Beginners,ViralHub,Howto & Style,UK,22/05/2026,01/06/2026,4223327,465319,8669
YT00209,Best Moments Today,ViralHub,Entertainment,Germany,01/02/2026,09/02/2026,2711674,305934,14328
YT00210,Funny Moments,TechWorld,Gaming,Germany,13/05/2026,17/05/2026,2307262,54840,15582
YT00211,Amazing Music Performance,FunTime,Film & Animation,UK,17/05/2026,18/05/2026,1298475,37437,16705
YT00212,Latest Trending Update,TrendWave,Howto & Style,India,04/06/2026,09/06/2026,386361,44176,6046
YT00213,Amazing Music Performance,NewsToday,News,Australia,09/03/2026,19/03/2026,259056,16782,3345
YT00214,Complete Guide for Beginners,TechWorld,Sports,South Korea,16/03/2026,26/03/2026,2500056,149727,35209
YT00215,New Technology Explained,LearnWithUs,Technology,South Korea,10/02/2026,17/02/2026,2858742,219358,19837
YT00216,Funny Moments,GameZone,Technology,UK,23/03/2026,28/03/2026,4716471,102254,26379
YT00217,Latest Trending Update,ViralHub,Comedy,Canada,01/02/2026,05/02/2026,429507,18006,3564
YT00218,Amazing Music Performance,GameZone,News,UK,07/06/2026,13/06/2026,2628242,81164,10585
YT00219,Amazing New Video,LearnWithUs,Comedy,Germany,12/05/2026,19/05/2026,760386,86665,8062
YT00220,Amazing New Video,TrendWave,Howto & Style,France,03/03/2026,06/03/2026,2365188,152408,42016
YT00221,Amazing New Video,SportsArena,Comedy,Germany,17/06/2026,27/06/2026,906750,52049,16109
YT00222,Amazing New Video,NewsToday,Education,India,04/04/2026,10/04/2026,4788869,343840,37774
YT00223,Funny Moments,LearnWithUs,Technology,Brazil,15/03/2026,16/03/2026,2351467,236990,30196
YT00224,Incredible Performance,NewsToday,Entertainment,USA,06/06/2026,07/06/2026,2849453,203341,22643
YT00225,Funny Moments,NewsToday,Howto & Style,Brazil,06/02/2026,09/02/2026,342682,5134,1234
YT00226,Amazing Music Performance,ViralHub,Film & Animation,South Korea,27/03/2026,03/04/2026,4329375,109861,80942
YT00227,Amazing Music Performance,MusicBox,Technology,Australia,23/03/2026,25/03/2026,2826705,186010,30202
YT00228,Incredible Performance,TrendWave,Sports,South Korea,06/05/2026,15/05/2026,2783639,234156,54609
YT00229,Top Highlights,LearnWithUs,Music,Australia,30/05/2026,03/06/2026,4857594,357226,71438
YT00230,Complete Guide for Beginners,FunTime,Entertainment,Brazil,30/05/2026,06/06/2026,1244632,124939,6972
YT00231,Incredible Performance,LearnWithUs,News,India,27/05/2026,28/05/2026,3517983,93780,49672
YT00232,Best Moments Today,TrendWave,Howto & Style,South Korea,16/04/2026,24/04/2026,4356030,142910,31258
YT00233,Best Moments Today,GameZone,Film & Animation,Japan,19/06/2026,26/06/2026,3860937,425991,28973
YT00234,New Technology Explained,LearnWithUs,Sports,Australia,01/04/2026,11/04/2026,2072952,84349,13829
YT00235,Latest News Update,GameZone,News,South Korea,18/03/2026,22/03/2026,2930973,210014,54971
YT00236,Complete Guide for Beginners,SportsArena,Gaming,Australia,12/03/2026,16/03/2026,3314578,331529,63432
YT00237,Incredible Performance,DailyTube,Music,Germany,07/02/2026,11/02/2026,3715919,305288,56479
YT00238,Top Highlights,SportsArena,Film & Animation,Germany,24/02/2026,27/02/2026,1156529,25460,17436
YT00239,New Technology Explained,TechWorld,Music,Brazil,03/03/2026,06/03/2026,445327,9361,3240
YT00240,Best Moments Today,SportsArena,Entertainment,India,01/05/2026,02/05/2026,3418387,279686,60615
YT00241,Top Highlights,GameZone,News,Germany,02/05/2026,09/05/2026,501291,55078,1353
YT00242,Complete Guide for Beginners,ViralHub,Film & Animation,India,27/05/2026,30/05/2026,1479622,166799,2501
YT00243,Amazing New Video,TrendWave,Entertainment,Germany,12/04/2026,19/04/2026,2508095,181776,7621
YT00244,Latest News Update,SportsArena,Comedy,Brazil,27/03/2026,31/03/2026,1130750,117164,11185
YT00245,Top Highlights,LearnWithUs,Education,UK,19/02/2026,20/02/2026,1566951,18097,11603
YT00246,Complete Guide for Beginners,FunTime,News,UK,17/03/2026,26/03/2026,3592834,239573,9513
YT00247,Incredible Performance,LearnWithUs,Entertainment,UK,21/06/2026,22/06/2026,2085769,22424,17286
YT00248,Amazing Music Performance,FunTime,Education,Germany,25/04/2026,29/04/2026,100929,3913,790
YT00249,Best Moments Today,MusicBox,Gaming,South Korea,02/03/2026,02/03/2026,3405881,291094,63141
YT00250,Amazing Music Performance,GameZone,Gaming,Germany,30/06/2026,04/07/2026,1857617,63352,6571
YT00251,Funny Moments,NewsToday,Howto & Style,France,09/02/2026,16/02/2026,3954592,368997,64214
YT00252,Latest News Update,SportsArena,Howto & Style,USA,25/02/2026,28/02/2026,4435637,387737,11017
YT00253,New Technology Explained,SportsArena,Music,Brazil,25/05/2026,26/05/2026,4809169,331989,19843
YT00254,Latest News Update,FunTime,Gaming,Canada,14/05/2026,21/05/2026,767873,83604,7267
YT00255,Latest News Update,NewsToday,Entertainment,Brazil,15/01/2026,22/01/2026,4735429,77429,46337
YT00256,New Technology Explained,TrendWave,Technology,Germany,20/03/2026,20/03/2026,4856226,87573,43950
YT00257,Latest News Update,DailyTube,Film & Animation,India,29/06/2026,30/06/2026,271211,11276,1198
YT00258,Latest News Update,NewsToday,Technology,France,04/02/2026,14/02/2026,3171668,162773,44314
YT00259,Best Moments Today,DailyTube,Entertainment,France,19/06/2026,27/06/2026,4511850,240194,15428
YT00260,Funny Moments,LearnWithUs,Music,Germany,27/02/2026,27/02/2026,3562843,244099,59299
YT00261,New Technology Explained,MusicBox,Education,UK,05/03/2026,12/03/2026,951609,12888,12888
YT00262,Latest Trending Update,DailyTube,News,Canada,07/06/2026,07/06/2026,4987364,68293,61633
YT00263,Latest News Update,NewsToday,News,India,30/06/2026,30/06/2026,1970780,136720,30218
YT00264,Amazing Music Performance,TechWorld,Film & Animation,Germany,15/01/2026,17/01/2026,2680158,197051,42020
YT00265,New Technology Explained,SportsArena,Sports,UK,24/03/2026,27/03/2026,3474194,149581,7497
YT00266,Amazing New Video,LearnWithUs,Technology,Brazil,01/06/2026,03/06/2026,2894160,328702,39810
YT00267,Top Highlights,ViralHub,Technology,Japan,15/05/2026,20/05/2026,3162976,95606,35490
YT00268,Amazing New Video,LearnWithUs,Sports,UK,03/03/2026,06/03/2026,4722635,261608,42095
YT00269,New Technology Explained,MusicBox,Technology,Canada,16/05/2026,18/05/2026,2775446,225193,51407
YT00270,Top Highlights,TrendWave,Film & Animation,Canada,05/04/2026,06/04/2026,3168914,266518,39470
YT00271,Latest News Update,TechWorld,Howto & Style,Brazil,19/01/2026,22/01/2026,1757288,185643,12874
YT00272,New Technology Explained,LearnWithUs,News,USA,04/01/2026,07/01/2026,1720580,92273,9544
YT00273,Incredible Performance,SportsArena,Technology,South Korea,24/03/2026,28/03/2026,2592233,100505,27849
YT00274,New Technology Explained,GameZone,Gaming,South Korea,08/05/2026,15/05/2026,3114698,138359,5820
YT00275,Amazing Music Performance,SportsArena,Music,Germany,26/02/2026,28/02/2026,4863202,433804,32139
YT00276,New Technology Explained,FunTime,News,Japan,20/02/2026,25/02/2026,4193444,295934,79364
YT00277,Best Moments Today,LearnWithUs,Comedy,South Korea,28/03/2026,01/04/2026,2959267,84691,43459
YT00278,Amazing New Video,SportsArena,Film & Animation,India,06/05/2026,08/05/2026,628528,71633,8608
YT00279,Best Moments Today,DailyTube,Entertainment,Canada,02/01/2026,08/01/2026,81684,2782,789
YT00280,Amazing New Video,LearnWithUs,Howto & Style,South Korea,16/01/2026,25/01/2026,60468,4144,533
YT00281,Amazing New Video,MusicBox,Sports,Brazil,05/01/2026,13/01/2026,4217893,419458,58234
YT00282,New Technology Explained,ViralHub,Gaming,Brazil,15/02/2026,16/02/2026,1615042,126257,9360
YT00283,Complete Guide for Beginners,GameZone,Technology,USA,01/04/2026,05/04/2026,3855352,278164,76391
YT00284,Complete Guide for Beginners,DailyTube,Gaming,India,27/02/2026,03/03/2026,3186497,164068,32005
YT00285,Complete Guide for Beginners,LearnWithUs,Entertainment,USA,13/06/2026,13/06/2026,2783899,201120,48164
YT00286,Amazing Music Performance,TechWorld,Music,Canada,25/01/2026,02/02/2026,3993785,159034,74120
YT00287,Best Moments Today,TrendWave,Film & Animation,Australia,25/06/2026,29/06/2026,2643088,30983,13046
YT00288,Amazing Music Performance,ViralHub,Gaming,Germany,06/02/2026,12/02/2026,2022226,146280,34659
YT00289,Latest Trending Update,ViralHub,Education,Japan,23/06/2026,01/07/2026,4205954,386948,31844
YT00290,Amazing Music Performance,GameZone,News,USA,26/01/2026,01/02/2026,3332786,388540,23999
YT00291,Incredible Performance,TechWorld,Comedy,South Korea,12/06/2026,16/06/2026,4644216,527237,42750
YT00292,Top Highlights,FunTime,Technology,USA,24/06/2026,03/07/2026,2072370,183284,5302
YT00293,Incredible Performance,GameZone,Entertainment,Japan,09/02/2026,15/02/2026,898813,18036,17002
YT00294,Latest Trending Update,ViralHub,Sports,USA,24/04/2026,29/04/2026,1576956,90529,18265
YT00295,Incredible Performance,DailyTube,Gaming,India,12/05/2026,18/05/2026,4654132,94185,57538
YT00296,Complete Guide for Beginners,NewsToday,Music,Germany,25/03/2026,31/03/2026,715511,64204,8322
YT00297,Best Moments Today,NewsToday,Film & Animation,UK,04/03/2026,13/03/2026,1169674,46296,7134
YT00298,Complete Guide for Beginners,MusicBox,Entertainment,Japan,07/02/2026,08/02/2026,2519504,159397,6201
YT00299,New Technology Explained,FunTime,Comedy,Australia,06/03/2026,09/03/2026,3845821,83711,26107
YT00300,Latest News Update,GameZone,Howto & Style,Japan,12/04/2026,17/04/2026,2812970,161373,46827
YT00301,Amazing Music Performance,GameZone,Entertainment,Germany,16/06/2026,25/06/2026,1689864,105939,7393
YT00302,New Technology Explained,FunTime,Sports,South Korea,12/04/2026,17/04/2026,2738731,140677,45225
YT00303,Amazing Music Performance,TechWorld,Gaming,Australia,11/04/2026,16/04/2026,4582068,136508,71410
YT00304,Latest Trending Update,MusicBox,News,South Korea,07/01/2026,14/01/2026,3437128,288813,12526
YT00305,Complete Guide for Beginners,NewsToday,Sports,UK,19/03/2026,22/03/2026,625464,37150,7731
YT00306,Funny Moments,NewsToday,Film & Animation,Brazil,30/05/2026,05/06/2026,313408,30394,2454
YT00307,Incredible Performance,TechWorld,Gaming,USA,18/05/2026,27/05/2026,1400348,113666,2578
YT00308,Latest Trending Update,NewsToday,Technology,France,15/06/2026,25/06/2026,93481,1948,487
YT00309,Latest News Update,TechWorld,Howto & Style,Australia,13/05/2026,21/05/2026,3143342,166674,49270
YT00310,Latest News Update,TrendWave,Entertainment,France,31/05/2026,08/06/2026,882023,37483,16308
YT00311,Incredible Performance,MusicBox,Entertainment,France,22/01/2026,23/01/2026,3824606,368193,41692
YT00312,Incredible Performance,LearnWithUs,Gaming,South Korea,31/03/2026,07/04/2026,568499,24461,9319
YT00313,New Technology Explained,ViralHub,Education,USA,30/01/2026,30/01/2026,4333470,126493,17518
YT00314,Best Moments Today,NewsToday,Comedy,Canada,24/05/2026,30/05/2026,1568526,126192,14446
YT00315,Complete Guide for Beginners,FunTime,News,South Korea,08/01/2026,17/01/2026,3266790,34267,16598
YT00316,Best Moments Today,SportsArena,Howto & Style,USA,13/03/2026,14/03/2026,3073494,140945,29792
YT00317,Amazing Music Performance,GameZone,Comedy,Brazil,09/03/2026,19/03/2026,3265142,252212,39681
YT00318,Top Highlights,ViralHub,Comedy,Australia,31/03/2026,05/04/2026,4955691,95757,17567
YT00319,Incredible Performance,ViralHub,Sports,USA,31/01/2026,03/02/2026,1190801,78819,10653
YT00320,Latest News Update,ViralHub,Technology,Japan,05/02/2026,14/02/2026,4512864,389359,59840
YT00321,Best Moments Today,MusicBox,Entertainment,South Korea,14/02/2026,22/02/2026,1574496,70228,15066
YT00322,New Technology Explained,ViralHub,Music,South Korea,14/01/2026,19/01/2026,3225757,374256,34203
YT00323,Latest News Update,LearnWithUs,Comedy,Japan,07/05/2026,13/05/2026,1408023,26884,2233
YT00324,Funny Moments,TechWorld,Music,Germany,26/02/2026,02/03/2026,2426542,69163,23511
YT00325,Latest Trending Update,FunTime,Film & Animation,USA,07/05/2026,15/05/2026,2252215,214551,37482
YT00326,New Technology Explained,SportsArena,Music,South Korea,04/04/2026,12/04/2026,3571456,75949,59898
YT00327,Incredible Performance,MusicBox,Music,South Korea,05/03/2026,09/03/2026,734666,42829,14608
YT00328,Complete Guide for Beginners,FunTime,Howto & Style,France,02/03/2026,05/03/2026,1397354,108681,22234
YT00329,Top Highlights,SportsArena,Howto & Style,France,22/02/2026,22/02/2026,4524518,129046,88685
YT00330,Latest Trending Update,SportsArena,Howto & Style,Germany,16/03/2026,20/03/2026,1142402,132410,18196
YT00331,Best Moments Today,TechWorld,Entertainment,UK,16/01/2026,20/01/2026,2706943,273761,41870
YT00332,Top Highlights,FunTime,Comedy,UK,23/06/2026,29/06/2026,3479771,178404,8472
YT00333,Latest News Update,GameZone,Film & Animation,Germany,24/01/2026,30/01/2026,4099013,188562,4291
YT00334,Complete Guide for Beginners,SportsArena,Education,USA,24/01/2026,31/01/2026,1832289,213450,30548
YT00335,Funny Moments,GameZone,Education,Germany,07/05/2026,11/05/2026,4853058,118246,83453
YT00336,Latest News Update,DailyTube,Music,India,29/03/2026,08/04/2026,141577,3350,2448
YT00337,Best Moments Today,TechWorld,Music,Japan,23/04/2026,30/04/2026,2537231,69742,47501
YT00338,Incredible Performance,DailyTube,Education,Germany,12/03/2026,13/03/2026,1393525,21873,17957
YT00339,Amazing New Video,DailyTube,Technology,USA,29/06/2026,02/07/2026,1795306,112114,6321
YT00340,Incredible Performance,TrendWave,Comedy,India,27/02/2026,07/03/2026,1016613,120668,9173
YT00341,Latest Trending Update,NewsToday,Gaming,Canada,03/02/2026,10/02/2026,864221,18452,6899
YT00342,Latest Trending Update,ViralHub,Technology,UK,18/03/2026,20/03/2026,4455225,320607,56118
YT00343,Complete Guide for Beginners,ViralHub,Education,Canada,12/02/2026,19/02/2026,3715984,388676,9836
YT00344,Incredible Performance,NewsToday,Gaming,Australia,26/01/2026,28/01/2026,3606973,160854,13189
YT00345,Amazing Music Performance,SportsArena,Gaming,Canada,12/03/2026,22/03/2026,2395088,229177,33816
YT00346,Funny Moments,FunTime,News,Brazil,18/06/2026,22/06/2026,1587481,146465,10501
YT00347,New Technology Explained,DailyTube,Comedy,Japan,14/01/2026,17/01/2026,4195802,336457,9856
YT00348,Amazing Music Performance,NewsToday,Education,UK,04/01/2026,09/01/2026,3535459,177463,49411
YT00349,Amazing New Video,DailyTube,Music,Australia,01/05/2026,02/05/2026,2204369,74357,40844
YT00350,Complete Guide for Beginners,NewsToday,Sports,Brazil,12/04/2026,20/04/2026,3379547,64438,37833
YT00351,Latest Trending Update,MusicBox,Sports,USA,07/06/2026,09/06/2026,4294134,477944,83786
YT00352,Latest Trending Update,FunTime,Education,Japan,09/02/2026,17/02/2026,2606890,226419,38762
YT00353,Latest Trending Update,NewsToday,News,USA,03/03/2026,03/03/2026,3808158,294571,7789
YT00354,Best Moments Today,TrendWave,Entertainment,USA,20/06/2026,30/06/2026,100215,2808,1914
YT00355,Best Moments Today,GameZone,Sports,UK,14/05/2026,22/05/2026,2259559,204767,7327
YT00356,Latest Trending Update,SportsArena,Technology,Germany,08/01/2026,13/01/2026,2210781,195334,26432
YT00357,Amazing New Video,GameZone,Comedy,Brazil,20/01/2026,27/01/2026,4196032,438609,17500
YT00358,New Technology Explained,DailyTube,Gaming,Australia,10/02/2026,14/02/2026,4273332,43940,73993
YT00359,Complete Guide for Beginners,GameZone,Music,South Korea,04/01/2026,07/01/2026,1264001,37522,24327
YT00360,New Technology Explained,GameZone,Technology,Canada,10/01/2026,18/01/2026,3496813,387251,24753
YT00361,Amazing New Video,SportsArena,Education,USA,20/01/2026,29/01/2026,1509449,52152,16301
YT00362,Top Highlights,MusicBox,Gaming,South Korea,12/01/2026,18/01/2026,2750599,53643,26620
YT00363,Amazing Music Performance,MusicBox,Sports,Australia,05/04/2026,08/04/2026,2039942,124501,24973
YT00364,Amazing New Video,ViralHub,Film & Animation,Canada,07/05/2026,10/05/2026,3444632,43506,38887
YT00365,Top Highlights,NewsToday,Education,India,12/06/2026,12/06/2026,876987,28564,17258
YT00366,Latest Trending Update,MusicBox,Music,UK,18/04/2026,25/04/2026,373262,41559,6736
YT00367,Amazing Music Performance,DailyTube,Education,South Korea,14/05/2026,20/05/2026,806758,52920,10574
YT00368,Complete Guide for Beginners,TrendWave,Howto & Style,Australia,11/04/2026,12/04/2026,1101460,39702,6563
YT00369,Top Highlights,LearnWithUs,Education,France,22/03/2026,28/03/2026,1964673,35787,9531
YT00370,Latest News Update,ViralHub,Entertainment,USA,30/05/2026,31/05/2026,3914553,174368,12894
YT00371,Top Highlights,LearnWithUs,Comedy,Germany,02/04/2026,05/04/2026,1010907,20163,16522
YT00372,Best Moments Today,GameZone,Music,Canada,19/03/2026,28/03/2026,770149,67948,14940
YT00373,Best Moments Today,MusicBox,Music,Germany,12/04/2026,20/04/2026,265735,30487,4580
YT00374,Latest Trending Update,LearnWithUs,News,USA,23/05/2026,31/05/2026,1177669,27510,2557
YT00375,Latest Trending Update,GameZone,News,Japan,26/02/2026,28/02/2026,4889886,364164,90126
YT00376,Best Moments Today,LearnWithUs,Gaming,Canada,20/01/2026,20/01/2026,776572,85080,13013
YT00377,Best Moments Today,TrendWave,Music,South Korea,26/03/2026,27/03/2026,4819089,277806,71149
YT00378,Incredible Performance,ViralHub,Technology,Japan,08/05/2026,08/05/2026,1806169,198522,11242
YT00379,Amazing Music Performance,FunTime,Music,Australia,25/04/2026,27/04/2026,2066792,167824,21657
YT00380,Complete Guide for Beginners,MusicBox,Music,USA,21/05/2026,28/05/2026,1156219,64882,15274
YT00381,Incredible Performance,NewsToday,Film & Animation,India,15/05/2026,18/05/2026,4028884,281606,41130
YT00382,Best Moments Today,MusicBox,Education,Japan,25/05/2026,02/06/2026,223632,10080,1154
YT00383,Amazing Music Performance,GameZone,Comedy,Brazil,13/03/2026,13/03/2026,1957550,229303,5681
YT00384,New Technology Explained,TrendWave,Sports,Brazil,18/06/2026,21/06/2026,4834255,498486,78075
YT00385,Incredible Performance,FunTime,Entertainment,Canada,01/04/2026,03/04/2026,3014691,333237,4630
YT00386,Amazing Music Performance,ViralHub,Howto & Style,Australia,29/06/2026,04/07/2026,1584018,161627,25974
YT00387,Amazing New Video,LearnWithUs,Sports,UK,07/05/2026,15/05/2026,762133,12330,9474
YT00388,Amazing Music Performance,GameZone,Comedy,India,06/01/2026,14/01/2026,1695005,167312,12669
YT00389,Amazing Music Performance,ViralHub,Music,India,15/02/2026,20/02/2026,1193268,113575,20384
YT00390,Latest Trending Update,FunTime,Education,Japan,04/04/2026,05/04/2026,2828278,122165,10160
YT00391,Funny Moments,ViralHub,Comedy,France,10/02/2026,16/02/2026,2998269,103608,36549
YT00392,Best Moments Today,ViralHub,Sports,Germany,14/02/2026,20/02/2026,20081,2296,382
YT00393,Incredible Performance,FunTime,Music,UK,11/04/2026,20/04/2026,1858003,149311,5533
YT00394,Incredible Performance,TechWorld,Education,USA,08/05/2026,10/05/2026,2685316,76444,47855
YT00395,Top Highlights,TrendWave,Education,South Korea,23/01/2026,02/02/2026,1763959,66059,4036
YT00396,Latest News Update,NewsToday,Music,India,07/03/2026,08/03/2026,3525306,411054,62773
YT00397,Latest Trending Update,NewsToday,Education,Brazil,07/05/2026,13/05/2026,4027247,389677,48258
YT00398,Amazing New Video,DailyTube,Entertainment,South Korea,25/06/2026,28/06/2026,2478872,30263,14777
YT00399,Best Moments Today,NewsToday,Education,UK,27/01/2026,28/01/2026,634165,44502,11455
YT00400,Amazing New Video,LearnWithUs,Howto & Style,Australia,24/01/2026,29/01/2026,3623202,411844,14981
YT00401,New Technology Explained,GameZone,Music,USA,22/04/2026,24/04/2026,1598703,87961,18430
YT00402,Latest Trending Update,TechWorld,Sports,Germany,19/05/2026,23/05/2026,421372,22425,4822
YT00403,Complete Guide for Beginners,TrendWave,Music,France,06/05/2026,08/05/2026,740079,31379,10049
YT00404,New Technology Explained,TrendWave,News,USA,03/06/2026,10/06/2026,1438044,115332,28134
YT00405,Latest News Update,LearnWithUs,Sports,Japan,02/05/2026,03/05/2026,2228018,44616,25262
YT00406,Latest News Update,ViralHub,Technology,France,17/02/2026,22/02/2026,379273,14777,3730
YT00407,Latest Trending Update,ViralHub,Howto & Style,India,27/02/2026,03/03/2026,723965,60447,11840
YT00408,Complete Guide for Beginners,TrendWave,News,Brazil,16/04/2026,25/04/2026,4388737,245986,49043
YT00409,Latest Trending Update,MusicBox,News,South Korea,02/05/2026,11/05/2026,3316859,362550,48332
YT00410,Best Moments Today,FunTime,Film & Animation,Australia,09/05/2026,18/05/2026,1013997,116019,9665
YT00411,Complete Guide for Beginners,TrendWave,News,UK,12/02/2026,15/02/2026,662402,78634,6142
YT00412,Latest Trending Update,GameZone,Howto & Style,Germany,10/06/2026,12/06/2026,735039,38729,6284
YT00413,Amazing Music Performance,TrendWave,Film & Animation,South Korea,25/03/2026,29/03/2026,4933945,332951,44268
YT00414,Amazing Music Performance,FunTime,Entertainment,Australia,17/04/2026,19/04/2026,845572,94485,9885
YT00415,Top Highlights,NewsToday,Film & Animation,France,26/01/2026,30/01/2026,3218201,263978,38195
YT00416,Best Moments Today,NewsToday,Entertainment,Germany,02/05/2026,02/05/2026,3374870,48146,60416
YT00417,Incredible Performance,MusicBox,Music,South Korea,26/03/2026,29/03/2026,174725,8240,2809
YT00418,Best Moments Today,TechWorld,Comedy,USA,21/03/2026,25/03/2026,2525612,295911,23788
YT00419,New Technology Explained,DailyTube,Technology,Australia,24/03/2026,28/03/2026,3710387,123381,61798
YT00420,Best Moments Today,SportsArena,Education,India,05/05/2026,13/05/2026,555435,24563,5903
YT00421,New Technology Explained,ViralHub,Howto & Style,India,04/02/2026,12/02/2026,1688818,172373,9694
YT00422,Incredible Performance,MusicBox,Education,Canada,27/04/2026,27/04/2026,3899146,255643,50972
YT00423,Latest News Update,GameZone,Music,Canada,01/02/2026,11/02/2026,4988198,294659,96022
YT00424,Best Moments Today,GameZone,Film & Animation,France,02/05/2026,11/05/2026,2174796,200920,30638
YT00425,Amazing Music Performance,ViralHub,Technology,India,14/03/2026,14/03/2026,1802834,188003,23978
YT00426,Amazing New Video,SportsArena,Sports,Japan,23/06/2026,26/06/2026,79641,4949,279
YT00427,Amazing Music Performance,MusicBox,Music,Canada,14/02/2026,23/02/2026,2567381,226960,37170
YT00428,Top Highlights,LearnWithUs,Technology,France,12/03/2026,18/03/2026,1835470,112581,25451
YT00429,Funny Moments,TrendWave,Howto & Style,USA,09/06/2026,15/06/2026,3144266,225633,38616
YT00430,Incredible Performance,DailyTube,Gaming,South Korea,14/03/2026,18/03/2026,2324309,187026,40369
YT00431,Funny Moments,ViralHub,Sports,Canada,08/03/2026,18/03/2026,2020799,220197,32945
YT00432,Latest News Update,TrendWave,Education,UK,03/06/2026,09/06/2026,2484711,95753,22244
YT00433,Incredible Performance,TechWorld,Howto & Style,Australia,10/04/2026,10/04/2026,1870317,159902,24553
YT00434,Best Moments Today,MusicBox,Education,Brazil,02/05/2026,12/05/2026,4687924,140285,13381
YT00435,Latest Trending Update,GameZone,Film & Animation,UK,02/02/2026,06/02/2026,1869397,91752,28302
YT00436,Amazing Music Performance,MusicBox,Education,France,20/03/2026,26/03/2026,2471679,150806,8002
YT00437,Latest Trending Update,FunTime,Howto & Style,Australia,14/01/2026,24/01/2026,3966265,427709,41681
YT00438,Amazing New Video,NewsToday,Film & Animation,Germany,24/06/2026,30/06/2026,1269821,31885,6102
YT00439,Best Moments Today,GameZone,Comedy,UK,15/04/2026,24/04/2026,682895,43455,8870
YT00440,Top Highlights,LearnWithUs,Music,India,15/02/2026,20/02/2026,1761426,165100,7404
YT00441,Complete Guide for Beginners,FunTime,Gaming,UK,10/02/2026,17/02/2026,3607149,196132,69766
YT00442,Incredible Performance,TechWorld,Music,Brazil,09/04/2026,09/04/2026,123087,13308,1893
YT00443,New Technology Explained,TechWorld,Music,India,16/05/2026,19/05/2026,2893615,128274,8540
YT00444,Amazing New Video,DailyTube,Sports,UK,09/05/2026,18/05/2026,2506501,286570,24219
YT00445,Best Moments Today,NewsToday,Film & Animation,France,14/05/2026,23/05/2026,2880051,344382,29703
YT00446,New Technology Explained,TechWorld,Technology,India,18/02/2026,20/02/2026,1105633,36741,1565
YT00447,Complete Guide for Beginners,TrendWave,Gaming,France,10/05/2026,12/05/2026,2150715,203968,27614
YT00448,Latest Trending Update,TrendWave,Gaming,India,02/06/2026,02/06/2026,3501166,206129,11722
YT00449,Top Highlights,TrendWave,Entertainment,Canada,06/03/2026,13/03/2026,3535525,292681,48037
YT00450,Latest Trending Update,NewsToday,Howto & Style,UK,11/03/2026,20/03/2026,4296484,382663,13907
YT00451,New Technology Explained,FunTime,Comedy,Canada,30/01/2026,31/01/2026,2211152,224354,43093
YT00452,Funny Moments,TrendWave,Sports,UK,02/04/2026,08/04/2026,4168725,459140,58678
YT00453,Latest Trending Update,TrendWave,News,India,04/05/2026,09/05/2026,931361,94882,12770
YT00454,Top Highlights,DailyTube,Film & Animation,USA,08/02/2026,09/02/2026,1944113,117118,38043
YT00455,Amazing New Video,ViralHub,Music,USA,09/03/2026,16/03/2026,2442454,121203,33848
YT00456,Best Moments Today,TrendWave,Gaming,India,20/04/2026,21/04/2026,1435360,66245,25830
YT00457,Best Moments Today,GameZone,Gaming,France,09/06/2026,13/06/2026,959892,51916,18510
YT00458,Latest Trending Update,ViralHub,Comedy,Japan,11/03/2026,17/03/2026,1116587,96672,2360
YT00459,Amazing Music Performance,LearnWithUs,Technology,Australia,10/02/2026,11/02/2026,3680576,110191,30236
YT00460,Latest News Update,LearnWithUs,Music,UK,02/04/2026,11/04/2026,952388,102510,8926
YT00461,Amazing Music Performance,SportsArena,Education,India,17/01/2026,21/01/2026,4744666,164347,90905
YT00462,Complete Guide for Beginners,DailyTube,Film & Animation,Australia,28/03/2026,05/04/2026,2090214,131709,28448
YT00463,Amazing New Video,FunTime,Entertainment,Brazil,14/06/2026,20/06/2026,102684,8294,408
YT00464,Incredible Performance,LearnWithUs,Entertainment,USA,01/05/2026,08/05/2026,2025747,93991,12731
YT00465,New Technology Explained,NewsToday,Film & Animation,Japan,10/05/2026,13/05/2026,666278,40310,10809
YT00466,Latest Trending Update,GameZone,Comedy,South Korea,25/04/2026,26/04/2026,4177270,384209,5587
YT00467,Amazing New Video,SportsArena,Music,Brazil,14/04/2026,20/04/2026,767487,74520,14812
YT00468,Latest News Update,TechWorld,Film & Animation,Brazil,13/06/2026,17/06/2026,2864292,143122,5818
YT00469,Amazing Music Performance,FunTime,Education,Brazil,27/02/2026,06/03/2026,3973932,353013,31404
YT00470,Incredible Performance,TrendWave,Gaming,Canada,26/04/2026,27/04/2026,2984121,302253,57665
YT00471,Amazing New Video,DailyTube,Film & Animation,France,16/03/2026,24/03/2026,1382035,88680,22962
YT00472,New Technology Explained,TechWorld,Sports,Australia,15/04/2026,16/04/2026,1017889,114333,8616
YT00473,Amazing New Video,NewsToday,Education,USA,28/04/2026,01/05/2026,4944305,116458,88717
YT00474,Latest News Update,ViralHub,Howto & Style,Brazil,28/04/2026,08/05/2026,41386,2828,79
YT00475,Amazing Music Performance,ViralHub,Comedy,Brazil,21/04/2026,30/04/2026,1461684,132069,5027
YT00476,Funny Moments,GameZone,Howto & Style,Australia,10/04/2026,20/04/2026,3231784,181151,40626
YT00477,Top Highlights,GameZone,Sports,Japan,27/06/2026,30/06/2026,3803745,374774,13790
YT00478,Funny Moments,GameZone,Sports,Brazil,04/06/2026,12/06/2026,1828201,58681,23509
YT00479,Funny Moments,ViralHub,Education,UK,16/03/2026,26/03/2026,4555748,393499,32460
YT00480,Amazing Music Performance,FunTime,Film & Animation,South Korea,30/01/2026,04/02/2026,3507058,295177,63069
YT00481,Latest Trending Update,SportsArena,Technology,India,17/05/2026,21/05/2026,216998,11261,435
YT00482,Top Highlights,MusicBox,Sports,UK,15/01/2026,18/01/2026,1233330,126209,17416
YT00483,Latest News Update,GameZone,Film & Animation,India,17/03/2026,20/03/2026,864664,67246,11962
YT00484,Funny Moments,TechWorld,Film & Animation,Japan,24/05/2026,27/05/2026,2417887,208477,4576
YT00485,Amazing New Video,SportsArena,Technology,France,08/04/2026,14/04/2026,113760,10443,552
YT00486,Amazing Music Performance,SportsArena,Education,Australia,24/04/2026,27/04/2026,1653102,157666,31940
YT00487,Best Moments Today,ViralHub,Entertainment,USA,17/03/2026,24/03/2026,4315459,99811,7647
YT00488,Amazing Music Performance,ViralHub,Sports,UK,13/03/2026,21/03/2026,2144230,22773,21142
YT00489,Amazing New Video,FunTime,Entertainment,France,09/02/2026,09/02/2026,2531269,161901,30073
YT00490,Best Moments Today,TechWorld,Education,Brazil,02/04/2026,03/04/2026,4372162,76510,46334
YT00491,Incredible Performance,DailyTube,Film & Animation,Japan,17/04/2026,25/04/2026,1860543,199401,25309
YT00492,Funny Moments,FunTime,Sports,Canada,26/03/2026,31/03/2026,3988390,477128,66407
YT00493,New Technology Explained,LearnWithUs,Gaming,France,16/06/2026,16/06/2026,2050370,236773,28640
YT00494,Funny Moments,MusicBox,Gaming,Japan,24/03/2026,30/03/2026,2377541,30236,25726
YT00495,Amazing New Video,LearnWithUs,Film & Animation,South Korea,06/04/2026,14/04/2026,2491668,271120,11605
YT00496,Funny Moments,SportsArena,Gaming,UK,12/05/2026,13/05/2026,66493,5250,332
YT00497,Funny Moments,TechWorld,Technology,USA,11/06/2026,14/06/2026,3656038,296584,68935
YT00498,Amazing New Video,GameZone,Music,South Korea,25/06/2026,27/06/2026,739178,13347,3238
YT00499,Top Highlights,TechWorld,Gaming,Australia,06/03/2026,14/03/2026,3424471,180413,44429
YT00500,Funny Moments,DailyTube,Music,Japan,21/04/2026,26/04/2026,54483,4388,694
